head,relation,tail,time,score
乔·罗根,认为有危机,台积电,2024-10-28,0.648770
乔·罗根,认为恐怖,台积电,2024-10-28,0.514471
乔·罗根,认为有威胁,台积电,2024-10-28,0.506037
乔·罗根,威胁,台积电,2024-10-28,0.426176
台积电,攻击,台湾,2024-10-30,0.355830
乔·罗根,损害,台积电,2024-10-28,0.340743
美国,认为违规,台积电,2024-10-21,0.337673
美国,认为违规,台积电,2024-10-21,0.337673
美国,认为违规,台积电,2024-11-09,0.337673
加拿大,质疑,谷歌,2024-12-02,0.304974
乔·罗根,攻击,台积电,2024-10-28,0.299310
百度,主导,台积电,2024-11-07,0.291101
美国,相信,台积电,2024-11-09,0.246488
特朗普,相信,台积电,2024-10-28,0.233889
特朗普,相信,台积电,2024-10-28,0.233889
美国,认为恐怖,台积电,2024-10-21,0.223327
贝索斯,担忧,特朗普,2024-10-29,0.219145
美国,损害,台积电,2024-11-11,0.208516
美国,损害,台积电,2024-11-10,0.208516
特朗普,认为恐怖,台积电,2024-10-28,0.206386
特朗普,认为恐怖,台积电,2024-10-28,0.206386
特朗普,认为恐怖,台积电,2024-10-28,0.206386
特朗普,认为恐怖,台积电,2024-10-28,0.206386
特朗普,认为恐怖,台积电,2024-10-28,0.206386
特朗普,认为恐怖,台积电,2024-11-07,0.206386
川普,认为恐怖,台积电,2024-10-28,0.196553
台积电,质疑,华为,2024-10-21,0.162760
台积电,质疑,华为,2024-11-10,0.162760
台积电,质疑,华为,2024-11-10,0.162760
美国,感到不满,台积电,2024-11-09,0.159516
美国,感到不满,台积电,2024-11-11,0.159516
半导体,主导,台积电,2024-11-11,0.158599
美国,担忧,台积电,2024-10-21,0.157309
美国,担忧,台积电,2024-11-11,0.157309
美国,担忧,台积电,2024-11-09,0.157309
路透社,认为恐怖,台积电,2024-11-30,0.153973
路透社,认为恐怖,台积电,2024-11-10,0.153973
美国,威胁,台积电,2024-10-26,0.150820
路透社,担忧,台积电,2024-11-10,0.148594
特朗普,主导,台积电,2024-10-28,0.140436
特朗普,主导,台积电,2024-10-28,0.140436
特朗普,主导,台积电,2024-10-28,0.140436
特朗普,主导,台积电,2024-11-07,0.140436
台湾经济部长,欢迎,特朗普,2024-11-07,0.135642
特朗普,认为可靠,台积电,2024-10-28,0.132747
朱凤莲,认为非法,美国,2024-11-11,0.132110
川普,攻击,台积电,2024-10-28,0.126094
特朗普,认为有威胁,台积电,2024-10-28,0.124457
特朗普,认为有威胁,台积电,2024-10-28,0.124457
特朗普,认为有威胁,台积电,2024-10-28,0.124457
特朗普,认为有威胁,台积电,2024-10-28,0.124457
特朗普,认为有威胁,台积电,2024-10-28,0.124457
特朗普,认为有威胁,台积电,2024-11-07,0.124457
特朗普,认为有威胁,台积电,2024-11-07,0.124457
美国,主导,台积电,2024-10-21,0.119063
美国,主导,台积电,2024-10-21,0.119063
美国,主导,台积电,2024-11-11,0.119063
美国,主导,台积电,2024-11-09,0.119063
特朗普,威胁,台积电,2024-10-28,0.114568
特朗普,威胁,台积电,2024-10-28,0.114568
特朗普,威胁,台积电,2024-10-28,0.114568
特朗普,威胁,台积电,2024-10-28,0.114568
特朗普,威胁,台积电,2024-10-28,0.114568
特朗普,威胁,台积电,2024-11-07,0.114568
台积电,认为违规,华为,2024-10-21,0.113864
台积电,认为违规,华为,2024-11-10,0.113864
台积电,认为违规,华为,2024-11-10,0.113864
美国,担忧,华为,2024-12-21,0.113480
美国,担忧,华为,2024-10-31,0.113480
半导体,相信,台积电,2024-11-11,0.110237
《金融时报》,主导,台积电,2024-10-22,0.109959
特朗普,认为有危机,台积电,2024-10-28,0.107426
特朗普,认为有危机,台积电,2024-10-28,0.107426
特朗普,认为有危机,台积电,2024-10-28,0.107426
特朗普,认为有危机,台积电,2024-10-28,0.107426
特朗普,增进,台积电,2024-11-07,0.106038
路透社,主导,台积电,2024-11-11,0.105613
路透社,主导,台积电,2024-11-10,0.105613
特朗普,支持,台积电,2024-10-28,0.104804
特朗普,支持,台积电,2024-10-28,0.104804
特朗普,支持,台积电,2024-11-07,0.104804
川普,认为有危机,台积电,2024-10-28,0.094091
乔·罗根,认为有暴力,台积电,2024-10-28,0.092845
特朗普,担忧,台积电,2024-10-28,0.091829
特朗普,担忧,台积电,2024-10-28,0.091829
特朗普,担忧,台积电,2024-10-28,0.091829
特朗普,担忧,台积电,2024-11-07,0.091829
特朗普,担忧,台积电,2024-11-07,0.091829
美国,认为犯罪,台积电,2024-10-21,0.091808
美国,认为犯罪,台积电,2024-10-21,0.091808
路透社,感到不满,台积电,2024-11-10,0.091229
贝索斯,威胁,特朗普,2024-10-29,0.090334
美国,认可,台积电,2024-10-21,0.089562
美国,认可,台积电,2024-12-21,0.089562
美国,认可,台积电,2024-12-21,0.089562
美国,认可,台积电,2024-11-09,0.089562
百度,感到不满,台积电,2024-11-07,0.088165
百度,认可,台积电,2024-11-07,0.088131
特朗普,攻击,台积电,2024-10-28,0.087750
特朗普,攻击,台积电,2024-10-28,0.087750
特朗普,攻击,台积电,2024-10-28,0.087750
特朗普,攻击,台积电,2024-10-28,0.087750
特朗普,欣赏,台积电,2024-10-28,0.084026
特朗普,欣赏,台积电,2024-10-28,0.084026
特朗普,欣赏,台积电,2024-10-28,0.084026
特朗普,欣赏,台积电,2024-11-07,0.084026
路透社,相信,台积电,2024-11-30,0.083303
路透社,相信,台积电,2024-11-10,0.083303
美国,质疑,台积电,2024-10-21,0.079660
美国,质疑,台积电,2024-10-21,0.079660
美国,质疑,台积电,2024-11-09,0.079660
美国,质疑,台积电,2024-12-21,0.079660
美国,质疑,台积电,2024-11-09,0.079660
基辛格,认为恐怖,台积电,2024-12-02,0.078189
美国,损害,华为,2024-10-20,0.077325
美国,损害,华为,2024-10-20,0.077325
美国,损害,华为,2024-10-20,0.077325
美国,损害,华为,2024-10-23,0.077325
美国,损害,华为,2024-10-23,0.077325
美国,损害,华为,2024-11-11,0.077325
美国,损害,华为,2024-12-21,0.077325
美国,损害,华为,2024-12-21,0.077325
美国,损害,华为,2024-11-10,0.077325
美国,感到满意,台积电,2024-11-11,0.077046
川普,威胁,台积电,2024-10-28,0.076745
美国,认为失败,台积电,2024-10-21,0.076256
美国,认为失败,台积电,2024-11-11,0.076256
特朗普,损害,台积电,2024-10-28,0.076015
特朗普,损害,台积电,2024-10-28,0.076015
特朗普,损害,台积电,2024-10-28,0.076015
特朗普,损害,台积电,2024-10-28,0.076015
特朗普,损害,台积电,2024-11-18,0.076015
路透社,认为有危机,台积电,2024-11-10,0.075271
美国,支持,台积电,2024-10-21,0.074434
美国,支持,台积电,2024-10-21,0.074434
美国,支持,台积电,2024-11-09,0.074434
美国,支持,台积电,2025-01-13,0.074434
美国,支持,台积电,2024-12-21,0.074434
美国,支持,台积电,2024-12-21,0.074434
美国,支持,台积电,2024-12-21,0.074434
美国,支持,台积电,2024-11-09,0.074434
《金融时报》,担忧,华为,2024-10-22,0.073866
川普,担忧,台积电,2024-10-28,0.072547
特朗普,认为违规,台积电,2024-10-28,0.071829
特朗普,认为违规,台积电,2024-10-28,0.071829
特朗普,认为违规,台积电,2024-11-07,0.071829
特朗普,认为违规,台积电,2024-11-07,0.071829
路透社,认为违规,台积电,2024-11-10,0.070261
路透社,威胁,台积电,2024-11-10,0.062402
特朗普,感到不满,台积电,2024-10-28,0.061247
特朗普,感到不满,台积电,2024-10-28,0.061247
特朗普,感到不满,台积电,2024-10-28,0.061247
特朗普,感到不满,台积电,2024-10-28,0.061247
路透社,损害,台积电,2024-11-10,0.059503
川普,质疑,台积电,2024-10-28,0.057191
路透社,质疑,台积电,2024-11-10,0.056669
特朗普,认为犯罪,台积电,2024-10-28,0.056413
特朗普,认为犯罪,台积电,2024-11-07,0.056413
特朗普,认为犯罪,台积电,2024-11-07,0.056413
《金融时报》,主导,华为,2024-10-22,0.054133
清水洋治,主导,美国,2024-08-26,0.054092
马斯克,主导,美国,2024-11-15,0.053749
特朗普,质疑,台积电,2024-10-28,0.052567
特朗普,质疑,台积电,2024-10-28,0.052567
特朗普,质疑,台积电,2024-10-28,0.052567
特朗普,质疑,台积电,2024-11-10,0.052567
特朗普,质疑,台积电,2024-11-07,0.052567
特朗普,质疑,台积电,2024-11-07,0.052567
路透社,认为有威胁,台积电,2024-11-10,0.051687
《金融时报》,相信,华为,2024-10-22,0.051633
美国,认可,华为,2024-10-31,0.051316
乔·罗根,质疑,美国,2024-12-25,0.050550
美国,批评,台积电,2024-11-09,0.048094
美国,批评,台积电,2024-11-09,0.048094
特朗普,认为优秀,台积电,2024-10-28,0.047969
特朗普,认为优秀,台积电,2024-11-07,0.047969
特朗普,认为缺乏,台积电,2024-10-28,0.047898
乔·罗根,认可,美国,2024-12-25,0.047112
乔·罗根,认为可靠,台湾,2024-12-25,0.045474
英特尔,认为有危机,台积电,2024-12-02,0.044881
川普,损害,台积电,2024-10-28,0.043998
川普,感到不满,台积电,2024-10-28,0.043257
特朗普,认可,台积电,2024-10-28,0.042794
特朗普,认可,台积电,2024-10-28,0.042794
特朗普,认可,台积电,2024-11-07,0.042794
美国,威胁,华为,2024-10-23,0.042193
美国,威胁,华为,2024-11-11,0.042193
美国,威胁,华为,2024-10-31,0.042193
《金融时报》,相信,台积电,2024-10-22,0.041955
《金融时报》,相信,台积电,2024-11-07,0.041955
英特尔,损害,台积电,2024-12-02,0.041323
川普,认为有威胁,台积电,2024-10-28,0.041188
马斯克,担忧,特朗普,2024-10-29,0.040995
《金融时报》,损害,华为,2024-10-22,0.040585
特朗普,认为有暴力,台积电,2024-10-28,0.040408
特朗普,认为有暴力,台积电,2024-10-28,0.040408
特朗普,认为有暴力,台积电,2024-10-28,0.040408
特朗普,认为有暴力,台积电,2024-10-28,0.040408
特朗普,认为有暴力,台积电,2024-10-28,0.040408
路透社,认为可靠,台积电,2024-11-10,0.040168
谷歌,认为有成就,台积电,2024-10-19,0.039930
乔·罗根,认为犯罪,美国,2024-12-25,0.039521
清水洋治,相信,美国,2024-08-26,0.038792
加拿大,损害,谷歌,2024-12-02,0.038328
半导体,质疑,台积电,2024-11-11,0.036250
乔·罗根,主导,美国,2024-12-25,0.035841
英特尔,威胁,台积电,2024-12-02,0.034993
川普,批评,台积电,2024-10-28,0.034911
半导体,担忧,台积电,2024-11-11,0.034658
乔·罗根,损害,美国,2024-12-25,0.034478
特朗普,认为失败,台积电,2024-10-28,0.034230
特朗普,认为失败,台积电,2024-10-28,0.034230
特朗普,认为失败,台积电,2024-10-28,0.034230
清水洋治,认为恐怖,美国,2024-08-26,0.033641
帕特·基辛格,担忧,台积电,2024-12-02,0.032835
帕特·基辛格,认为有危机,台积电,2024-12-02,0.032241
中国台湾事务办公室,认为有威胁,美国,2024-11-11,0.031929
算能科技,质疑,台积电,2024-10-28,0.031437
算能科技,质疑,台积电,2024-10-28,0.031437
乔·罗根,认为非法,美国,2024-12-25,0.029786
朱凤莲,认为有威胁,美国,2024-11-11,0.029578
半导体,认为可靠,台积电,2024-11-11,0.029314
台积电,相信,台积电,2024-11-07,0.029297
《金融时报》,质疑,华为,2024-10-22,0.029156
基辛格,攻击,台积电,2024-12-02,0.029043
《金融时报》,认为恐怖,台积电,2024-10-22,0.028375
《金融时报》,认为可靠,台积电,2024-10-22,0.027942
《金融时报》,认为可靠,台积电,2024-11-07,0.027942
美国,支持,华为,2024-10-31,0.027541
特朗普,批评,台积电,2024-10-28,0.027532
特朗普,批评,台积电,2024-10-28,0.027532
特朗普,批评,台积电,2024-10-28,0.027532
特朗普,批评,台积电,2024-11-10,0.027532
特朗普,批评,台积电,2024-11-07,0.027532
特朗普,批评,台积电,2024-11-07,0.027532
基辛格,认为有危机,台积电,2024-12-02,0.027353
算能科技,担忧,台积电,2024-10-28,0.026857
算能科技,担忧,台积电,2024-10-28,0.026857
加拿大,威胁,谷歌,2024-12-02,0.026320
川普,认为有暴力,台积电,2024-10-28,0.025772
川普,认为失败,台积电,2024-10-28,0.025705
台积电,认为优秀,美国,2025-01-13,0.024826
乔·罗根,认为失败,美国,2024-12-25,0.024244
美国,主导,台积,2024-11-10,0.024230
乔·罗根,认为有威胁,台湾,2024-12-25,0.023922
中国台湾事务办公室,认为违规,美国,2024-11-11,0.023893
帕特·基辛格,认为有威胁,台积电,2024-12-02,0.023844
基辛格,担忧,台积电,2024-12-02,0.023761
《金融时报》,担忧,台积电,2024-11-09,0.023640
《金融时报》,担忧,台积电,2024-10-22,0.023640
谷歌,认为有威胁,华为,2024-10-31,0.023599
台湾经济部长,认为恐怖,特朗普,2024-11-07,0.023440
乔·罗根,损害,台湾,2024-12-25,0.023393
特朗普,视作英雄,乔·罗根,2024-10-28,0.023279
阿联酋,损害,台积电,2024-09-27,0.023276
路透社,批评,台积电,2024-11-10,0.023095
半导体,感到不满,台积电,2024-11-11,0.022006
参议员,认为有威胁,美国,2024-10-31,0.021478
百度,感到满意,台积电,2024-11-07,0.020740
路透社,认可,台积电,2024-11-10,0.020496
半导体,威胁,台积电,2024-11-11,0.020457
《金融时报》,认为有威胁,台积电,2024-11-09,0.020449
《金融时报》,认为有威胁,台积电,2024-10-22,0.020449
清水洋治,质疑,美国,2024-08-26,0.020395
英特尔,认为有威胁,台积电,2024-12-02,0.020231
美国,认为有威胁,华为,2024-10-23,0.019825
美国,认为有威胁,华为,2024-10-31,0.019825
参议员,担忧,台积电,2024-10-31,0.019723
马斯克,视作英雄,特朗普,2024-11-15,0.019228
《金融时报》,质疑,台积电,2024-11-09,0.019104
《金融时报》,质疑,台积电,2024-10-22,0.019104
乔·罗根,认为有危机,台湾,2024-12-25,0.019100
美国,质疑,TikTok,2024-06-19,0.019090
半导体,批评,台积电,2024-11-11,0.019066
路透社,质疑,英特尔,2024-08-26,0.018866
乔·罗根,威胁,台湾,2024-12-25,0.018709
加拿大反垄断机构,威胁,谷歌,2024-12-02,0.018560
加拿大,攻击,谷歌,2024-12-02,0.017948
拜登政府,认为有威胁,美国,2024-10-31,0.017892
乔·罗根,批评,美国,2024-12-25,0.017616
路透社,感到不满,英特尔,2024-08-26,0.017413
美国,认为有危机,华为,2024-10-31,0.017039
台湾经济部长,相信,特朗普,2024-11-07,0.016838
日本传媒,相信,台积电,2024-10-28,0.016818
日本传媒,相信,台积电,2024-10-28,0.016818
葛红林,主导,美国,2024-10-23,0.016760
清水洋治,认为犯罪,美国,2024-08-26,0.016682
半导体,认可,台积电,2024-11-11,0.016469
清水洋治,认为有威胁,美国,2024-08-26,0.016428
清水洋治,认可,美国,2024-08-26,0.016313
《金融时报》,攻击,台积电,2024-10-22,0.015766
特朗普,主导,将华为公司,2025-01-16,0.015606
《金融时报》,威胁,华为,2024-10-22,0.015511
乔·罗根,认为非法,台湾,2024-12-25,0.015448
算能科技,损害,台积电,2024-10-28,0.014924
算能科技,损害,台积电,2024-10-28,0.014924
清水洋治,担忧,美国,2024-08-26,0.014787
乔·罗根,认为违规,美国,2024-12-25,0.014657
日媒,质疑,台积电,2024-10-28,0.014656
日媒,质疑,台积电,2024-10-28,0.014656
算能科技,威胁,台积电,2024-10-28,0.014118
算能科技,威胁,台积电,2024-10-28,0.014118
清水洋治,认为可靠,美国,2024-08-26,0.014091
中国台湾事务办公室,认为有危机,美国,2024-11-11,0.013943
特朗普,担忧,半导体,2024-12-25,0.013899
朱凤莲,认为有危机,美国,2024-11-11,0.013687
路透社,增进,台积电,2024-11-10,0.013556
基辛格,认为有威胁,台积电,2024-12-02,0.013552
台湾,损害,美国,2024-12-25,0.013393
加拿大反垄断机构,攻击,谷歌,2024-12-02,0.013368
帕特·基辛格,威胁,台积电,2024-12-02,0.013187
清水洋治,感到不满,美国,2024-08-26,0.012693
台湾的能源挑战,威胁,台积电,2024-11-04,0.012681
美国,损害,台湾企业,2024-11-11,0.012368
彭博社,担忧,台积电,2024-11-06,0.012339
路透社,损害,华为,2024-11-11,0.012018
特朗普,认为可靠,马来西亚沙捞越,2024-12-27,0.011740
英特尔,欢迎,摩根士丹利,2024-08-26,0.011646
摇滚明星,欢迎,黄仁勋,2024-10-27,0.011607
外媒,主导,华为,2024-10-20,0.011529
路透社,支持,台积电,2024-11-10,0.011485
美国,攻击,华为,2024-10-20,0.011479
美国,攻击,华为,2024-10-20,0.011479
美国,攻击,华为,2024-10-20,0.011479
拜登政府,威胁,美国,2024-10-31,0.011318
美国,认为非法,针对华为的贸易限制,2024-10-23,0.011232
台湾经济部长,认为热情,特朗普,2024-11-07,0.010918
外媒,认为犯罪,美国,2024-10-20,0.010832
印度孟买,认可,黄仁勋,2024-10-27,0.010713
台积电,感到满意,英特尔,2024-12-03,0.010543
基辛格,损害,台积电,2024-12-02,0.010494
清水洋治,认为有危机,美国,2024-08-26,0.010360
基辛格,威胁,台积电,2024-12-02,0.010045
美国,质疑,Sophgo,2024-12-21,0.009912
美国,质疑,Sophgo,2024-12-21,0.009912
美国,视作英雄,川普,2024-10-23,0.009837
台湾经济部长,认为非法,特朗普,2024-11-07,0.009796
路透社,质疑,苹果,2024-10-27,0.009621
特朗普,质疑,美国,2024-11-10,0.009423
马斯克,认为失败,美国,2024-11-15,0.009411
《金融时报》,认可,华为,2024-10-22,0.009288
加拿大新闻出版商,欢迎,黄仁勋,2024-10-27,0.009237
马斯克,欢迎,黄仁勋,2024-10-28,0.009111
半导体,欣赏,台积电,2024-11-11,0.009078
华纳参议员,担忧,台积电,2024-10-31,0.008937
美国,感到不满,TikTok,2024-06-19,0.008928
《金融时报》,认为违规,台积电,2024-11-09,0.008808
路透社,感到满意,台积电,2024-11-10,0.008723
台积电,质疑,台积电,2024-11-07,0.008368
清水洋治,认为违规,美国,2024-08-26,0.008363
参议员,认为有危机,台积电,2024-10-31,0.008294
算能科技,认可,台积电,2024-10-28,0.008238
算能科技,认可,台积电,2024-10-28,0.008238
外媒,认为非法,美国,2024-10-20,0.008219
路透社,威胁,华为,2024-11-11,0.008079
《金融时报》,威胁,台积电,2024-10-22,0.007912
路透社,担忧,英特尔,2024-08-26,0.007860
摇滚明星,感到不满,黄仁勋,2024-10-27,0.007823
印度企业,视作英雄,美国,2024-10-23,0.007695
半导体,认为有成就,台积电,2024-11-11,0.007621
台湾经济部长,感到不满,特朗普,2024-11-07,0.007437
台湾经济部门,相信,台积电,2024-11-11,0.007380
路透社,损害,英特尔,2024-08-26,0.007195
参议员,认为有威胁,台积电,2024-10-31,0.007170
马斯克,攻击,贝索斯,2024-10-29,0.006749
台湾经济部长,质疑,特朗普,2024-11-07,0.006710
《金融时报》,损害,台积电,2024-10-22,0.006621
《金融时报》,相信,美国,2024-10-22,0.006532
台积电,感到不满,台积电,2024-11-07,0.006439
路透社,认为有威胁,华为,2024-10-31,0.006292
台湾经济部长,认可,特朗普,2024-11-07,0.006282
美国,损害,客户,2024-11-09,0.006248
标普全球市场情报公司,损害,台积电,2024-11-10,0.006202
力旺,认可,台积电,2024-12-31,0.006190
华纳参议员,质疑,台积电,2024-10-31,0.006077
路透社,认为有威胁,美国,2024-12-21,0.006042
路透社,认为有威胁,美国,2024-10-31,0.006042
马斯克,支持,美国,2024-11-15,0.006040
摇滚明星,质疑,黄仁勋,2024-10-27,0.005917
路透社,认为恐怖,英特尔,2024-08-26,0.005845
清水洋治,认为失败,美国,2024-08-26,0.005732
黄仁勋,认可,台积电,2024-10-19,0.005675
清水洋治,感到满意,美国,2024-08-26,0.005404
算能科技,认为可靠,华为,2024-10-28,0.005377
算能科技,认为可靠,华为,2024-10-28,0.005377
算能科技,认为可靠,华为,2024-10-26,0.005377
盖尔辛格,感到不满,英特尔,2024-12-03,0.004902
台湾经济部门,质疑,台积电,2024-11-11,0.004783
美国,支持,台积,2024-11-10,0.004736
特朗普,担忧,马来西亚沙捞越,2024-12-27,0.004729
特朗普,担忧,马来西亚沙捞越,2024-12-27,0.004729
特朗普,担忧,马来西亚沙捞越,2024-12-27,0.004729
日本传媒,质疑,台积电,2024-10-28,0.004726
日本传媒,质疑,台积电,2024-10-28,0.004726
美国,认为非法,TSMC,2024-12-21,0.004668
美国,视作英雄,特朗普,2024-12-27,0.004627
美国,视作英雄,特朗普,2024-12-27,0.004627
台湾经济部长,担忧,特朗普,2024-11-07,0.004602
特朗普,质疑,马来西亚沙捞越,2024-12-27,0.004539
特朗普,质疑,马来西亚沙捞越,2024-12-27,0.004539
特朗普,质疑,马来西亚沙捞越,2024-12-27,0.004539
路透社,认可,英特尔,2024-08-26,0.004510
算能科技,增进,台积电,2024-10-28,0.004416
算能科技,增进,台积电,2024-10-28,0.004416
魏哲家,增进,台积电,2024-10-18,0.004409
《金融时报》,支持,华为,2024-10-22,0.004387
乔·拜登,认为有威胁,华为,2024-10-31,0.004184
特朗普,威胁,美国,2024-12-27,0.004096
特朗普,威胁,美国,2024-12-27,0.004096
《金融时报》,认可,台积电,2024-10-22,0.004082
特朗普,威胁,马来西亚沙捞越,2024-12-27,0.004045
特朗普,威胁,马来西亚沙捞越,2024-12-27,0.004045
特朗普,威胁,马来西亚沙捞越,2024-12-27,0.004045
台湾的能源挑战,损害,台积电,2024-11-04,0.004039
路透社,视作英雄,美国,2024-10-02,0.003903
摇滚明星,认可,黄仁勋,2024-10-27,0.003841
特朗普,损害,美国,2024-12-27,0.003798
特朗普,损害,美国,2024-12-27,0.003798
特朗普,损害,美国,2024-12-25,0.003798
特朗普,损害,美国,2024-11-07,0.003798
马斯克,质疑,盖尔辛格,2024-10-29,0.003797
法新社,认为违规,美国,2024-10-23,0.003642
半导体,认为失败,台积电,2024-11-11,0.003616
台湾政府,损害,台积电,2024-11-04,0.003599
大卫·津斯纳,质疑,英特尔,2024-11-20,0.003597
《金融时报》,批评,台积电,2024-11-09,0.003563
《金融时报》,批评,台积电,2024-10-22,0.003563
《台北时报》,质疑,台积电,2024-11-09,0.003526
华纳参议员,认为有危机,台积电,2024-10-31,0.003486
路透社,威胁,美国,2024-10-31,0.003477
华纳参议员,主导,拜登政府,2024-10-31,0.003467
清水洋治,认为缺乏,美国,2024-08-26,0.003459
阿里巴巴,认为违规,台积电,2024-10-19,0.003452
美国,认为违规,TikTok,2024-06-19,0.003385
参议员,威胁,美国,2024-10-31,0.003345
魏知效,增进,台积电,2024-10-18,0.003320
路透社,认为优秀,台积电,2024-11-10,0.003275
《金融时报》,相信,台湾,2024-11-04,0.003272
《台北时报》,相信,台积电,2024-11-09,0.003213
美国,视作英雄,贺锦丽,2024-10-23,0.003128
民主党,认为有威胁,美国,2024-10-31,0.003093
外媒,担忧,华为,2024-10-20,0.003060
台积电,认可,台积电,2024-11-07,0.003009
路透社,感到不满,苹果,2024-10-27,0.002916
台北政府官员,认为违规,美国,2024-10-23,0.002865
台北政府官员,认为违规,美国,2024-10-23,0.002865
美国,批评,台积,2024-11-10,0.002751
《金融时报》,欣赏,华为,2024-10-22,0.002714
路透社,相信,苹果,2024-10-27,0.002708
杰夫·贝索斯,认可,《华盛顿邮报》,2024-10-29,0.002698
清水洋治,认为优秀,美国,2024-08-26,0.002648
特朗普,认为失败,马来西亚沙捞越,2024-12-27,0.002575
特朗普,认为失败,马来西亚沙捞越,2024-12-27,0.002575
《信息时报》,相信,美国,2024-10-22,0.002565
特朗普,攻击,美国,2024-12-27,0.002519
特朗普,攻击,美国,2024-12-27,0.002519
《金融时报》,批评,华为,2024-10-22,0.002516
特朗普,认为有威胁,马来西亚沙捞越,2024-12-27,0.002450
特朗普,认为有威胁,马来西亚沙捞越,2024-12-27,0.002450
特朗普,认为有威胁,马来西亚沙捞越,2024-12-27,0.002450
特朗普,感到不满,马来西亚沙捞越,2024-12-27,0.002355
特朗普,感到不满,马来西亚沙捞越,2024-12-27,0.002355
魏哲家,认为失败,台积电,2024-10-18,0.002334
特朗普,批评,美国,2024-11-10,0.002330
特朗普,批评,美国,2024-12-25,0.002330
贝索斯,威胁,《华盛顿邮报》,2024-10-29,0.002291
特朗普,攻击,马来西亚沙捞越,2024-12-27,0.002290
特朗普,攻击,马来西亚沙捞越,2024-12-27,0.002290
美国,认为违规,针对华为的贸易限制,2024-10-23,0.002264
路透社,认为有危机,华为,2024-10-31,0.002247
共和党,认为有成就,摩根士丹利,2024-10-23,0.002229
华纳参议员,认为有威胁,台积电,2024-10-31,0.002229
《金融时报》,欣赏,台积电,2024-10-22,0.002223
台湾经济部,质疑,台积电,2024-11-09,0.002199
路透社,认可,苹果,2024-10-27,0.002161
美国,威胁,Sophgo,2024-12-21,0.002155
美国,威胁,Sophgo,2024-12-21,0.002155
特朗普,认可,马来西亚沙捞越,2024-12-27,0.002109
半导体,认为违规,台积电,2024-11-11,0.002099
摇滚明星,损害,黄仁勋,2024-10-27,0.002077
外媒,质疑,华为,2024-10-20,0.002055
路透社,质疑,拜登政府,2024-10-31,0.002043
贝佐斯,增进,美国,2024-11-09,0.002041
特朗普,认为失败,美国,2024-11-15,0.002036
台湾经济部门,认可,台积电,2024-11-11,0.002004
拜登政府,威胁,华为,2024-10-31,0.001961
路透社,认可,拜登政府,2024-10-31,0.001955
算能科技,认为违规,华为,2024-10-28,0.001938
算能科技,认为违规,华为,2024-10-28,0.001938
日本,攻击,美国,2024-12-27,0.001936
摇滚明星,认为有成就,黄仁勋,2024-10-27,0.001933
乔·罗根,担忧,半导体,2024-12-25,0.001888
路透社,损害,苹果,2024-10-27,0.001885
摇滚明星,欣赏,黄仁勋,2024-10-27,0.001813
摩根士丹利,担忧,英特尔,2024-12-03,0.001807
路透社,威胁,苹果,2024-10-27,0.001784
杰夫·贝索斯,认为可靠,《华盛顿邮报》,2024-10-29,0.001780
路透社,感到不满,拜登政府,2024-10-31,0.001761
《台北时报》,担忧,台积电,2024-11-09,0.001760
清水洋治,批评,美国,2024-08-26,0.001740
路透社,欢迎,黄仁勋,2024-10-27,0.001729
路透社,认为违规,美国,2024-11-11,0.001715
日本传媒,威胁,台积电,2024-10-28,0.001674
日本传媒,威胁,台积电,2024-10-28,0.001674
半导体,支持,台积电,2024-11-11,0.001669
外媒,感到不满,美国,2024-10-20,0.001668
基辛格,损害,英特尔,2024-12-02,0.001660
《信息时报》,担忧,美国,2024-10-22,0.001647
日本传媒,认为有危机,台积电,2024-10-28,0.001631
日本传媒,认为有危机,台积电,2024-10-28,0.001631
路透社,担忧,苹果,2024-10-27,0.001618
大卫·津斯纳,主导,英特尔,2024-12-03,0.001583
路透社,担忧,拜登政府,2024-10-31,0.001511
路透社,感到满意,英特尔,2024-08-26,0.001508
美国,损害,Sophgo,2024-12-21,0.001500
美国,损害,Sophgo,2024-12-21,0.001500
摇滚明星,认为恐怖,黄仁勋,2024-10-27,0.001490
腾讯,认为违规,台积电,2024-10-19,0.001467
共和党,认为恐怖,摩根士丹利,2024-10-23,0.001457
杰夫·贝索斯,主导,联合国气候变化大会,2024-10-29,0.001449
路透社,认为有威胁,苹果,2024-10-27,0.001302
《金融时报》,支持,台积电,2024-10-22,0.001302
卡米拉·霍德森,担忧,亚马逊,2024-06-19,0.001262
美国,认为优秀,Sophgo,2024-12-21,0.001248
外媒,认为有危机,美国,2024-10-20,0.001223
民主党,威胁,华为,2024-10-31,0.001217
高通公司,质疑,英特尔,2024-12-03,0.001208
联发科,认为可靠,台积电,2024-12-31,0.001199
求职者,认可,半导体,2025-01-21,0.001191
日本传媒,担忧,台积电,2024-10-28,0.001191
日本传媒,担忧,台积电,2024-10-28,0.001191
特朗普,增进,制造业,2024-11-18,0.001189
美国,损害,中国,2024-11-07,0.001185
拜登政府,认为有威胁,华为,2024-10-31,0.001151
《科创板日报》,认为可靠,台积电,2024-11-09,0.001106
《科创板日报》,认为可靠,台积电,2024-11-07,0.001106
《科创板日报》,认为可靠,台积电,2024-11-07,0.001106
《科创板日报》,认为可靠,台积电,2024-11-07,0.001106
美国,威胁,阿里及百度,2024-11-09,0.001093
摇滚明星,视作英雄,黄仁勋,2024-10-27,0.001072
华纳参议员,认为有威胁,华为,2024-10-31,0.001062
外媒,相信,华为,2024-10-20,0.001052
摇滚明星,相信,黄仁勋,2024-10-27,0.001044
特朗普,认为有威胁,美国,2024-12-27,0.001027
特朗普,认为有威胁,美国,2024-12-27,0.001027
参议员,威胁,华为,2024-10-31,0.001025
《金融时报》,认为优秀,台积电,2024-10-22,0.000975
《金融时报》,认为优秀,台积电,2024-11-04,0.000975
杰夫·贝索斯,损害,《华盛顿邮报》,2024-10-29,0.000960
新竹,主导,台积电,2024-10-25,0.000952
路透社,相信,拜登政府,2024-10-31,0.000943
摇滚明星,感到满意,黄仁勋,2024-10-27,0.000915
外媒,认可,华为,2024-10-20,0.000912
特朗普,认为违规,美国,2024-11-10,0.000866
台湾经济部长,认为缺乏,特朗普,2024-11-07,0.000857
美国,认为犯罪,TikTok,2024-06-19,0.000844
美国,认为犯罪,TikTok,2024-06-19,0.000844
马斯克,担忧,特斯拉,2024-11-14,0.000833
《金融时报》,认为优秀,华为,2024-10-22,0.000817
美国,批评,TikTok,2024-06-19,0.000817
摇滚明星,认为可靠,黄仁勋,2024-10-27,0.000801
外媒,认为有威胁,美国,2024-10-20,0.000771
杰夫·贝索斯,攻击,《华盛顿邮报》,2024-10-29,0.000754
商务部,认为违规,美国,2024-10-22,0.000735
半导体,认为优秀,台积电,2024-11-11,0.000700
路透社,威胁,拜登政府,2024-10-31,0.000694
杰夫·贝索斯,支持,《华盛顿邮报》,2024-10-29,0.000691
《台北时报》,损害,台积电,2024-11-09,0.000688
杰夫·贝索斯,威胁,《华盛顿邮报》,2024-10-29,0.000686
日本传媒,认为有威胁,台积电,2024-10-28,0.000667
日本传媒,认为有威胁,台积电,2024-10-28,0.000667
《台北时报》,威胁,台积电,2024-11-09,0.000658
马斯克,认为可靠,中国,2024-12-27,0.000632
台湾经济部长,认为违规,特朗普,2024-11-07,0.000630
特朗普,感到满意,马来西亚沙捞越,2024-12-27,0.000620
黄伟伦,认为有成就,台积电,2024-10-19,0.000619
中国大陆AI芯片公司,认为可靠,台积电,2024-11-07,0.000618
中国大陆AI芯片公司,认为可靠,台积电,2024-11-07,0.000618
美国,视作英雄,美国,2024-10-02,0.000617
民主党,认为有威胁,华为,2024-10-31,0.000614
路透社,支持,拜登政府,2024-10-31,0.000599
Dan Ives,担忧,苹果,2024-10-23,0.000595
参议员,认为有威胁,华为,2024-10-31,0.000590
美联储,增进,美国,2024-10-25,0.000579
外媒,损害,华为,2024-10-20,0.000566
马斯克,感到不满,中国,2024-12-27,0.000547
外媒,威胁,华为,2024-10-20,0.000545
参议员,质疑,拜登政府,2024-10-31,0.000537
《金融时报》,认为有威胁,台湾,2024-11-04,0.000529
苹果公司(AAPL),支持,台积电,2024-11-10,0.000516
路透社,攻击,拜登政府,2024-10-31,0.000499
特朗普,认为恐怖,马来西亚沙捞越,2024-12-27,0.000494
特朗普,认为恐怖,马来西亚沙捞越,2024-12-27,0.000494
杰夫·贝索斯,认为有威胁,《华盛顿邮报》,2024-10-29,0.000480
路透社,认为失败,拜登政府,2024-10-31,0.000479
特朗普,增进,国内制造业,2024-11-18,0.000475
印度孟买,欢迎,黄仁勋,2024-10-27,0.000470
台积电,支持,英伟达,2024-12-27,0.000458
美国,批评,Sophgo,2024-12-21,0.000448
法新社,质疑,华为,2024-10-23,0.000439
伊利亚·苏茨克弗,担忧,特斯拉,2024-11-14,0.000437
特朗普,认为非法,马来西亚沙捞越,2024-12-27,0.000434
特朗普,认为非法,马来西亚沙捞越,2024-12-27,0.000434
美国,认为恐怖,阿里及百度,2024-11-09,0.000423
美国,认为恐怖,阿里及百度,2024-11-09,0.000423
特朗普,批评,马来西亚沙捞越,2024-12-27,0.000407
特朗普,批评,马来西亚沙捞越,2024-12-27,0.000407
特朗普,批评,马来西亚沙捞越,2024-12-27,0.000407
伯曼,感到不满,贝索斯,2024-10-29,0.000406
外媒,威胁,美国,2024-10-20,0.000406
摇滚明星,攻击,黄仁勋,2024-10-27,0.000405
华纳参议员,质疑,拜登政府,2024-10-31,0.000399
《金融时报》,担忧,美国,2024-10-22,0.000399
特朗普,认为有危机,马来西亚沙捞越,2024-12-27,0.000397
特朗普,认为有危机,马来西亚沙捞越,2024-12-27,0.000397
特朗普,认为有危机,马来西亚沙捞越,2024-12-27,0.000397
路透社,认为违规,苹果,2024-10-27,0.000395
马斯克,支持,微软,2024-10-29,0.000394
伯曼,欢迎,贝索斯,2024-10-29,0.000393
外媒,认为有威胁,华为,2024-10-20,0.000382
参议员,认为有成就,乔·拜登,2024-10-31,0.000378
美国,攻击,中国,2024-11-07,0.000376
求职者,认为有成就,台积电,2025-01-21,0.000373
路透社,感到满意,拜登政府,2024-10-31,0.000352
印度孟买,认为热情,黄仁勋,2024-10-27,0.000350
美国,认为非法,TSMC芯片,2024-12-21,0.000345
美国,认为非法,TSMC芯片,2024-12-21,0.000345
美国,增进,针对华为的贸易限制,2024-10-23,0.000328
参议员,担忧,乔·拜登,2024-10-31,0.000320
杰夫·贝索斯,质疑,《华盛顿邮报》,2024-10-29,0.000319
美国,攻击,Sophgo,2024-12-21,0.000318
力旺,认为优秀,台积电,2024-12-31,0.000305
外媒,喜欢,华为,2024-10-20,0.000305
台湾经济部长,欣赏,特朗普,2024-11-07,0.000304
算能科技,认为优秀,华为,2024-10-28,0.000304
算能科技,认为优秀,华为,2024-10-28,0.000304
华纳参议员,担忧,乔·拜登,2024-10-31,0.000300
杰夫·贝索斯,认为优秀,《华盛顿邮报》,2024-10-29,0.000298
乔·拜登总统,认为有威胁,华为,2024-10-31,0.000296
《金融时报》,威胁,台湾,2024-11-04,0.000287
帕特·基辛格,感到不满,英特尔,2024-12-02,0.000285
路透社,支持,苹果,2024-10-27,0.000277
特朗普,认为犯罪,马来西亚沙捞越,2024-12-27,0.000268
特朗普,认为犯罪,马来西亚沙捞越,2024-12-27,0.000268
特朗普,认为犯罪,马来西亚沙捞越,2024-12-27,0.000268
特朗普,认为违规,马来西亚沙捞越,2024-12-27,0.000260
特朗普,认为违规,马来西亚沙捞越,2024-12-27,0.000260
特朗普,认为违规,马来西亚沙捞越,2024-12-27,0.000260
美国,认为违规,美国,2024-10-22,0.000251
外媒,攻击,华为,2024-10-20,0.000249
华纳参议员,感到不满,乔·拜登,2024-10-31,0.000246
路透社,攻击,苹果,2024-10-27,0.000242
台湾经济部长,视作英雄,特朗普,2024-11-07,0.000240
摇滚明星,增进,黄仁勋,2024-10-27,0.000237
《金融时报》,认为有危机,台湾,2024-11-04,0.000235
杰夫·贝索斯,认为失败,《华盛顿邮报》,2024-10-29,0.000231
清水洋治,支持,美国,2024-08-26,0.000230
摇滚明星,认为热情,黄仁勋,2024-10-27,0.000220
《金融时报》,认为违规,美国,2024-10-22,0.000219
台湾经济部长,认为有暴力,特朗普,2024-11-07,0.000218
外媒,支持,华为,2024-10-20,0.000216
台湾经济部长,批评,特朗普,2024-11-07,0.000216
参议员,感到不满,乔·拜登,2024-10-31,0.000214
美国,增进,特斯拉的股价,2024-11-15,0.000206
台湾经济部长,认为可靠,台湾,2024-11-07,0.000205
加拿大,主导,OpenAI,2024-10-27,0.000204
参议员,相信,乔·拜登,2024-10-31,0.000203
摇滚明星,喜欢,黄仁勋,2024-10-27,0.000196
路透社,认为违规,拜登政府,2024-10-31,0.000193
马斯克,认为非法,中国,2024-12-27,0.000192
中国人工智能公司,认为违规,台积电,2024-10-19,0.000188
马斯克,感到满意,中国,2024-12-27,0.000182
清水洋治,认为有暴力,美国,2024-08-26,0.000181
伯曼,担忧,贝索斯,2024-10-29,0.000179
华纳参议员,认为失败,拜登政府,2024-10-31,0.000175
伯曼,认可,贝索斯,2024-10-29,0.000174
马斯克,感到满意,加州一家地区法院,2024-12-02,0.000173
马斯克,主导,xAI,2024-12-21,0.000171
《台北时报》,增进,台积电,2024-11-09,0.000171
伯曼,威胁,贝索斯,2024-10-29,0.000162
求职者,认为优秀,台积电,2025-01-21,0.000159
Harlan Sur,批评,台积电,2024-10-28,0.000157
参议员,认为有危机,华为,2024-10-31,0.000150
马斯克,担忧,中国,2024-12-27,0.000146
外媒,感到满意,美国,2024-10-20,0.000137
马斯克,主导,AI 组织,2024-10-29,0.000130
台积电,主导,OpenAI,2024-10-28,0.000128
路透社,感到满意,苹果,2024-10-27,0.000121
路透社,认为优秀,苹果,2024-10-27,0.000119
台湾经济部长,认为有威胁,台湾,2024-11-07,0.000114
基辛格,攻击,英特尔,2024-12-02,0.000114
贝索斯,主导,联合国气候变化大会,2024-10-29,0.000113
摇滚明星,支持,黄仁勋,2024-10-27,0.000106
基辛格,感到不满,英特尔,2024-12-02,0.000106
马斯克,相信,中国,2024-12-27,0.000104
安迪·杰西,感到不满,亚马逊员工,2024-12-02,0.000101
帕特·盖尔辛格,感到不满,英特尔,2024-12-03,0.000101
外媒,认为违规,华为,2024-10-20,0.000100
卡米拉·霍德森,质疑,亚马逊,2024-06-19,0.000098
内地网民,认为可靠,台积电,2024-10-20,0.000095
李开复,认为可靠,中国,2024-10-19,0.000095
参议员,威胁,乔·拜登,2024-10-31,0.000094
山姆·奥特曼,担忧,特斯拉,2024-11-14,0.000092
民主党,质疑,拜登政府,2024-10-31,0.000089
特朗普,认为有暴力,马来西亚沙捞越,2024-12-27,0.000088
特朗普,认为有暴力,马来西亚沙捞越,2024-12-27,0.000088
特朗普,认为有暴力,马来西亚沙捞越,2024-12-27,0.000088
路透社,批评,苹果,2024-10-27,0.000087
台积电,欢迎,创新,2024-09-27,0.000084
帕特·基辛格,认为恐怖,英特尔,2024-12-02,0.000083
马斯克,质疑,中国,2024-12-27,0.000081
拉里·埃伦斯,欢迎,派拉蒙,2024-10-29,0.000078
路透社,主导,OpenAI,2024-10-29,0.000077
路透社,主导,OpenAI,2024-10-29,0.000077
路透社,主导,OpenAI,2024-10-28,0.000077
路透社,主导,OpenAI,2024-10-28,0.000077
路透社,主导,OpenAI,2024-10-28,0.000077
外媒,认为犯罪,华为,2024-10-20,0.000075
《台北时报》,视作英雄,特朗普,2024-11-09,0.000074
马斯克,认为有威胁,中国,2024-12-27,0.000074
印度孟买,欣赏,黄仁勋,2024-10-27,0.000073
《华盛顿邮报》,视作英雄,杰夫·贝索斯,2024-10-29,0.000072
杰夫·贝索斯,认为有危机,《华盛顿邮报》,2024-10-29,0.000072
摩根士丹利,认为优秀,英特尔,2024-12-03,0.000072
格雷格·布罗克曼,担忧,特斯拉,2024-11-14,0.000072
杰夫·贝索斯,认为违规,《华盛顿邮报》,2024-10-29,0.000068
肯·格里芬,质疑,微软,2024-10-31,0.000068
台湾经济部门,支持,台积电,2024-11-11,0.000065
摇滚明星,认为优秀,黄仁勋,2024-10-27,0.000064
马斯克,认为失败,中国,2024-12-27,0.000063
马斯克,主导,OpenAI,2024-10-29,0.000061
参议员,质疑,乔·拜登,2024-10-31,0.000060
华纳参议员,质疑,乔·拜登,2024-10-31,0.000060
参议员,攻击,乔·拜登,2024-10-31,0.000059
摇滚明星,认为缺乏,黄仁勋,2024-10-27,0.000058
帕特·基辛格,认为有危机,英特尔,2024-12-02,0.000053
美国,增进,贸易管制,2024-11-11,0.000051
摩根士丹利,支持,英特尔,2024-12-03,0.000048
参议员,认为恐怖,乔·拜登,2024-10-31,0.000046
帕特·基辛格,威胁,英特尔,2024-12-02,0.000045
华纳参议员,认为违规,拜登政府,2024-10-31,0.000043
基辛格,担忧,英特尔,2024-12-02,0.000043
华纳参议员,认为恐怖,乔·拜登,2024-10-31,0.000039
阿联酋,担忧,国家安全,2024-09-27,0.000038
马斯克,威胁,中国,2024-12-27,0.000038
基辛格,认为有危机,英特尔,2024-12-02,0.000036
伯曼,攻击,贝索斯,2024-10-29,0.000036
外媒,认为优秀,华为,2024-10-20,0.000034
伯曼,质疑,贝索斯,2024-10-29,0.000033
路透社,认为恐怖,拜登政府,2024-10-31,0.000033
路透社,质疑,Sophgo,2024-12-21,0.000033
路透社,批评,拜登政府,2024-10-31,0.000032
伯曼,认为热情,贝索斯,2024-10-29,0.000032
Dan Ives,认为优秀,苹果,2024-10-23,0.000031
台湾经济部长,威胁,台湾,2024-11-07,0.000029
加拿大,攻击,加拿大反垄断机构,2024-12-02,0.000029
高通公司,担忧,英特尔,2024-12-03,0.000028
马斯克,损害,中国,2024-12-27,0.000028
《金融时报》,损害,百度,2024-11-09,0.000026
台湾经济部长,认为有危机,台湾,2024-11-07,0.000025
杰夫·贝索斯,认为犯罪,《华盛顿邮报》,2024-10-29,0.000025
高通公司,认为恐怖,英特尔,2024-12-03,0.000024
魏哲家,主导,收益电话会议,2024-10-18,0.000023
马斯克,攻击,中国,2024-12-27,0.000022
杰夫·贝索斯,认为恐怖,《华盛顿邮报》,2024-10-29,0.000022
台积电,认为恐怖,阿里及百度,2024-11-09,0.000022
前英特尔高管,相信,路透社,2024-08-26,0.000021
基辛格,威胁,英特尔,2024-12-02,0.000020
李,认为可靠,中国,2024-10-19,0.000020
参议员,认为犯罪,乔·拜登,2024-10-31,0.000019
伯曼,支持,贝索斯,2024-10-29,0.000019
卡米拉·霍德森,认为违规,亚马逊,2024-06-19,0.000018
深圳,认为优秀,华为,2024-10-22,0.000018
路透社,感到不满,OpenAI,2024-10-28,0.000018
马斯克,认为犯罪,中国,2024-12-27,0.000017
Siebel,主导,OpenAI,2024-11-20,0.000017
马斯克,认为违规,中国,2024-12-27,0.000017
印度孟买,认为优秀,黄仁勋,2024-10-27,0.000017
谷歌,认为非法,OpenAI,2024-12-02,0.000015
伯曼,喜欢,贝索斯,2024-10-29,0.000015
帕特·基辛格,认为有威胁,英特尔,2024-12-02,0.000015
马斯克,认为恐怖,中国,2024-12-27,0.000015
马斯克,批评,加州一家地区法院,2024-12-02,0.000013
参议员,认为失败,乔·拜登,2024-10-31,0.000012
路透社,认为有暴力,拜登政府,2024-10-31,0.000012
Siebel,质疑,亚马逊,2024-11-20,0.000012
苏茨克弗,担忧,特斯拉,2024-11-14,0.000012
伯曼,欣赏,贝索斯,2024-10-29,0.000011
马斯克,认为有危机,中国,2024-12-27,0.000011
印度孟买,支持,黄仁勋,2024-10-27,0.000010
黄仁勋,担忧,半导体,2024-12-25,0.000010
参议员,视作英雄,乔·拜登,2024-10-31,0.000010
华纳参议员,认为犯罪,乔·拜登,2024-10-31,0.000009
拜登政府,主导,《芯片与科学法案》,2024-11-18,0.000009
共和党,认为有暴力,摩根士丹利,2024-10-23,0.000009
彭博社,担忧,小米,2024-11-26,0.000008
彭博社,担忧,小米,2024-11-25,0.000008
印度孟买,喜欢,黄仁勋,2024-10-27,0.000008
基辛格,认为有威胁,英特尔,2024-12-02,0.000007
富瑞,认为非法,中国,2024-11-09,0.000007
路透社,担忧,OpenAI,2024-10-29,0.000006
路透社,担忧,OpenAI,2024-10-28,0.000006
路透社,担忧,OpenAI,2024-10-28,0.000006
路透社,担忧,OpenAI,2024-10-28,0.000006
路透社,担忧,OpenAI,2024-10-28,0.000006
路透社,担忧,OpenAI,2024-10-29,0.000006
路透社,质疑,OpenAI,2024-10-28,0.000006
路透社,质疑,OpenAI,2024-10-28,0.000006
路透社,质疑,OpenAI,2024-10-28,0.000006
路透社,质疑,OpenAI,2024-10-28,0.000006
美国,增进,中国的技术创新,2024-08-26,0.000006
台积电,支持,创新,2024-09-27,0.000006
台积电,支持,创新,2024-09-27,0.000006
萨姆·阿尔特曼,主导,OpenAI,2024-12-02,0.000006
路透社,认为可靠,OpenAI,2024-10-28,0.000006
台湾,增进,能源转型,2024-11-04,0.000006
大卫·津斯纳,认为优秀,英特尔,2024-11-20,0.000005
彭博社,相信,小米,2024-11-26,0.000004
彭博社,相信,小米,2024-11-25,0.000004
新政府,担忧,半导体,2024-12-25,0.000004
台积电,认为可靠,数据中心,2024-09-27,0.000004
NVIDIA,担忧,半导体,2024-12-25,0.000004
Dan Ives,认为有危机,苹果,2024-10-23,0.000004
五角大楼,主导,对乌作战,2024-10-23,0.000004
美国,增进,晶片,2024-11-09,0.000004
美国,增进,晶片,2024-10-23,0.000004
美国,增进,晶片,2024-10-02,0.000004
津斯纳,感谢,丽尔·埃斯特拉达,2024-12-03,0.000004
张忠谋,相信,公司,2024-10-25,0.000003
日本,主导,半导体,2024-10-02,0.000003
摩根士丹利,攻击,林宝珠,2024-08-26,0.000003
路透社,相信,OpenAI,2024-10-29,0.000003
路透社,相信,OpenAI,2024-10-28,0.000003
路透社,相信,OpenAI,2024-10-28,0.000003
路透社,相信,OpenAI,2024-10-28,0.000003
路透社,相信,OpenAI,2024-10-28,0.000003
路透社,相信,OpenAI,2024-10-28,0.000003
路透社,相信,OpenAI,2024-10-29,0.000003
参议员,认为有暴力,乔·拜登,2024-10-31,0.000003
彭博社,质疑,小米,2024-11-26,0.000003
彭博社,质疑,小米,2024-11-25,0.000003
华纳参议员,视作英雄,乔·拜登,2024-10-31,0.000003
力旺,主导,新股王,2024-12-31,0.000003
参议员,认为违规,乔·拜登,2024-10-31,0.000003
华纳参议员,批评,拜登政府,2024-10-31,0.000003
弗兰克·耶利,认为优秀,英特尔,2024-12-03,0.000002
摇滚明星,认为有暴力,黄仁勋,2024-10-27,0.000002
华纳参议员,认为违规,乔·拜登,2024-10-31,0.000002
高通公司,欣赏,英特尔,2024-12-03,0.000002
华纳参议员,认为有暴力,乔·拜登,2024-10-31,0.000002
华为,认为非法,TSMC芯片,2024-12-21,0.000002
彭博,视作英雄,马斯克,2024-11-06,0.000002
路透社,欣赏,Sophgo,2024-12-21,0.000002
《金融时报》,主导,01.ai,2024-10-19,0.000002
马斯克,支持,xAI,2024-12-21,0.000001
美联储,主导,降息,2024-11-24,0.000001
美联储,主导,降息,2024-06-04,0.000001
黄仁勋,认为优秀,该公司,2024-12-25,0.000001
台积电,认可,创新,2024-09-27,0.000001
台积电,认可,创新,2024-09-27,0.000001
参议员,批评,拜登政府,2024-10-31,0.000001
外媒,批评,华为,2024-10-20,0.000001
高通公司,认为缺乏,英特尔,2024-12-03,0.000001
加拿大新闻出版商,主导,OpenAI,2024-10-27,0.000001
中国政府,攻击,飞机制造商,2024-10-23,0.000001
基辛格,认为优秀,英特尔,2024-12-02,0.000001
前英特尔高管,质疑,路透社,2024-08-26,0.000001
亚利桑那州,主导,晶片,2024-10-25,0.000001
特伦甘纳州,支持,微软,2024-06-19,0.000001
Siebel,感到不满,OpenAI,2024-11-20,0.000001
台积电,主导,台风警报程序,2024-10-30,0.000001
彼得·科汉,质疑,津斯纳,2024-12-03,0.000001
《北京卫视》,担忧,小米,2024-10-20,0.000001
内地网民,担忧,小米,2024-10-20,0.000001
内地网民,担忧,小米,2024-10-20,0.000001
内地网民,担忧,小米,2024-10-20,0.000001
路透社,认为非法,TSMC芯片,2024-12-21,0.000001
台积电,主导,创新,2024-09-27,0.000001
高通公司,认为优秀,英特尔,2024-12-03,0.000001
潘内特·钱都克,担忧,澳大利亚,2024-06-19,0.000001
富瑞,认为有威胁,中国,2024-11-09,0.000001
微软,支持,Copilot,2024-11-20,0.000001
路透社,认可,OpenAI,2024-10-28,0.000001
路透社,认可,OpenAI,2024-10-28,0.000001
路透社,认可,OpenAI,2024-10-28,0.000001
路透社,认可,OpenAI,2024-10-28,0.000001
伯曼,视作英雄,贝索斯,2024-10-29,0.000001
路透社,欣赏,OpenAI,2024-10-28,0.000001
路透社,欣赏,OpenAI,2024-10-28,0.000001
路透社,欣赏,OpenAI,2024-10-28,0.000001
路透社,欣赏,OpenAI,2024-10-28,0.000001
路透社,欣赏,OpenAI,2024-10-28,0.000001
路透社,欣赏,OpenAI,2024-10-28,0.000001
前英特尔高管,认为有威胁,路透社,2024-08-26,0.000001
路透社,认为有威胁,OpenAI,2024-10-28,0.000001
马斯克,认为有暴力,中国,2024-12-27,0.000000
英国,主导,Avantek,2024-10-19,0.000000
彭博社,视作英雄,马斯克,2024-11-06,0.000000
路透社,支持,OpenAI,2024-10-29,0.000000
路透社,支持,OpenAI,2024-10-28,0.000000
路透社,支持,OpenAI,2024-10-28,0.000000
路透社,支持,OpenAI,2024-10-28,0.000000
路透社,支持,OpenAI,2024-10-28,0.000000
路透社,认为有成就,OpenAI,2024-10-28,0.000000
Russ Mould,认为优秀,英伟达,2024-10-29,0.000000
中国,认为非法,TSMC芯片,2024-12-21,0.000000
《金融时报》,威胁,阿里及百度,2024-11-09,0.000000
彭博社,认为优秀,三星,2024-08-08,0.000000
拜登政府,认为非法,TSMC芯片,2024-12-21,0.000000
李开复,主导,01.ai,2024-10-19,0.000000
路透社,喜欢,OpenAI,2024-10-28,0.000000
《财富》杂志,质疑,Siebel,2024-11-20,0.000000
蔡崇信,主导,台湾科技会议,2024-12-16,0.000000
民主党,批评,拜登政府,2024-10-31,0.000000
英国,欣赏,Reddit,2024-12-02,0.000000
台积电,增进,创新,2024-09-27,0.000000
台积电,增进,创新,2024-09-27,0.000000
马斯克,攻击,OpenAI,2024-12-02,0.000000
马斯克,攻击,OpenAI,2024-12-02,0.000000
华纳参议员,批评,乔·拜登,2024-10-31,0.000000
拉里·埃伦斯,支持,派拉蒙,2024-10-29,0.000000
韩国,损害,中国,2024-12-27,0.000000
《金融时报》,认为恐怖,阿里及百度,2024-11-09,0.000000
法新社,批评,华为,2024-10-23,0.000000
丹·泰勒,认为非法,OpenAI,2024-12-02,0.000000
马斯克,损害,OpenAI,2024-10-29,0.000000
台积电,欣赏,创新,2024-09-27,0.000000
台积电,欣赏,创新,2024-09-27,0.000000
日立制作所,认为非法,印度,2024-12-27,0.000000
彭博社,欢迎,瓦德·萨夫奥,2024-11-06,0.000000
马斯克,认为失败,OpenAI,2024-11-14,0.000000
求职者,认为有成就,华硕,2025-01-21,0.000000
路透社,认为违规,OpenAI,2024-10-28,0.000000
高通公司,喜欢,英特尔,2024-12-03,0.000000
台湾政府,增进,电价,2024-11-04,0.000000
潘内特·钱都克,认为有威胁,澳大利亚,2024-06-19,0.000000
NVIDIA,支持,新政府,2024-12-25,0.000000
格雷格·麦克凯纳,主导,《CFO每日》,2024-12-03,0.000000
安迪·格罗夫,认为优秀,英特尔,2024-08-26,0.000000
伯曼,批评,贝索斯,2024-10-29,0.000000
Ofcom,认为可靠,Reddit,2024-12-02,0.000000
路透社,感到满意,OpenAI,2024-10-28,0.000000
参议员,批评,乔·拜登,2024-10-31,0.000000
路透社,认为恐怖,Sophgo,2024-12-21,0.000000
唐建国,质疑,小米,2024-10-20,0.000000
求职者,认为有成就,群联,2025-01-21,0.000000
马斯克,批评,中国,2024-12-27,0.000000
台积电,感到满意,创新,2024-09-27,0.000000
台积电,感到满意,创新,2024-09-27,0.000000
中央气象局,主导,台风警报程序,2024-10-30,0.000000
路透社,认为恐怖,OpenAI,2024-10-28,0.000000
路透社,认为恐怖,OpenAI,2024-10-29,0.000000
联发科,认可,天玑 9300,2024-12-31,0.000000
卡米拉·霍德森,批评,亚马逊,2024-06-19,0.000000
贝莱德,担忧,投资者,2024-10-23,0.000000
加拿大,损害,OpenAI,2024-10-27,0.000000
《亚洲尼日基亚报》,主导,台湾科技会议,2024-12-16,0.000000
微软,支持,OpenAI,2024-07-18,0.000000
彼得·科汉,认为优秀,津斯纳,2024-12-03,0.000000
求职者,认可,ESG 管理师,2025-01-21,0.000000
求职者,认为有成就,台达电,2025-01-21,0.000000
联发科,认可,天玑 9400 系列,2024-12-31,0.000000
联发科,认可,天玑 9500 系列,2024-12-31,0.000000
迪·特普顿,认为非法,OpenAI,2024-12-02,0.000000
朱凤莲,损害,台湾企业,2024-11-11,0.000000
路透社,认为优秀,Sophgo,2024-11-10,0.000000
求职者,认为有成就,国泰世华,2025-01-21,0.000000
台积电,喜欢,创新,2024-09-27,0.000000
台积电,喜欢,创新,2024-09-27,0.000000
贝莱德,感到不满,投资者,2024-10-23,0.000000
求职者,认可,金融科技,2025-01-21,0.000000
台积电,增进,AI芯片代工业务,2024-10-14,0.000000
彭博,支持,瓦德·萨夫奥,2024-11-06,0.000000
李,主导,01.ai,2024-10-19,0.000000
澳大利亚,认为缺乏,社交媒体,2024-12-02,0.000000
加州一家地区法院,喜欢,OpenAI,2024-12-02,0.000000
中国电信,认为非法,TSMC芯片,2024-12-21,0.000000
贝莱德,相信,投资者,2024-10-23,0.000000
路透社,认为优秀,OpenAI,2024-10-28,0.000000
路透社,认为优秀,OpenAI,2024-10-28,0.000000
加州一家地区法院,认为非法,OpenAI,2024-12-02,0.000000
里德·霍夫曼,认为非法,OpenAI,2024-12-02,0.000000
加拿大,认为违规,OpenAI,2024-10-27,0.000000
加州一家地区法院,认为违规,OpenAI,2024-12-02,0.000000
加拿大反垄断机构,认为非法,OpenAI,2024-12-02,0.000000
求职者,认可,国泰金控,2025-01-21,0.000000
求职者,欣赏,AI 发展,2025-01-21,0.000000
加拿大新闻出版商,感到不满,OpenAI,2024-10-27,0.000000
马斯克,认为犯罪,OpenAI,2024-11-14,0.000000
路透社,认为缺乏,OpenAI,2024-10-28,0.000000
英国,增进,Reddit,2024-12-02,0.000000
丹·泰勒,认为犯罪,OpenAI,2024-12-02,0.000000
世芯 - KY,认为有成就,亚马逊,2024-12-31,0.000000
Sam Alt曼,担忧,国家安全,2024-09-27,0.000000
汇丰控股,主导,全面重组计划,2024-10-23,0.000000
《科创板日报》,质疑,AI芯片公司,2024-11-07,0.000000
加拿大新闻出版商,担忧,OpenAI,2024-10-27,0.000000
中央气象局,欣赏,台风,2024-10-30,0.000000
路透社,增进,OpenAI,2024-10-28,0.000000
路透社,增进,OpenAI,2024-10-28,0.000000
路透社,增进,OpenAI,2024-10-28,0.000000
台积电,认为缺乏,创新,2024-09-27,0.000000
唐建国,认为恐怖,小米,2024-10-20,0.000000
克雷格·伯曼,认为可靠,可靠,2024-10-29,0.000000
彭博社,支持,瓦德·萨夫奥,2024-11-06,0.000000
苹果,增进,消费者产品升级,2024-08-24,0.000000
UCIe 合作组织,欢迎,成员们,2024-12-24,0.000000
加拿大出版商,担忧,OpenAI,2024-09-27,0.000000
求职者,认为优秀,华硕,2025-01-21,0.000000
Siebel,攻击,OpenAI,2024-11-20,0.000000
彭博社,认为热情,瓦德·萨夫奥,2024-11-06,0.000000
丹·泰勒,认为违规,OpenAI,2024-12-02,0.000000
加拿大出版商,感到不满,OpenAI,2024-09-27,0.000000
路透社,认为有危机,OpenAI,2024-10-28,0.000000
台湾经济部长,损害,芯片业务,2024-11-07,0.000000
拜登政府,增进,AI芯片出口限制,2025-01-16,0.000000
加拿大,认为犯罪,OpenAI,2024-10-27,0.000000
中国台湾事务办公室,损害,台湾企业,2024-11-11,0.000000
中央气象局,认为恐怖,台风,2024-10-30,0.000000
《信息》杂志,相信,OpenAI,2024-07-18,0.000000
前英特尔高管,相信,林宝珠,2024-08-26,0.000000
阿联酋,增进,AI芯片生产,2024-09-27,0.000000
彭博社,认为优秀,小米,2024-11-26,0.000000
特斯拉老板,认为非法,OpenAI,2024-12-02,0.000000
中国有色金属行业协会,视作英雄,葛红林,2024-10-23,0.000000
格雷格·布罗克曼,认为非法,OpenAI,2024-12-02,0.000000
内地网民,认为恐怖,小米,2024-10-20,0.000000
内地网民,认为恐怖,小米,2024-10-20,0.000000
内地网民,认为恐怖,小米,2024-10-20,0.000000
谢文雄,认可,台湾总经走向,2024-12-21,0.000000
Huang,感谢,Chang,2024-11-30,0.000000
前英特尔高管,担忧,林宝珠,2024-08-26,0.000000
迪·特普顿,认为违规,OpenAI,2024-12-02,0.000000
英伟达,增进,道琼斯工业平均指数,2024-12-03,0.000000
求职者,认为优秀,国泰世华,2025-01-21,0.000000
安德鲁·费尔德曼,认为失败,收购,2024-11-14,0.000000
Sam Alt曼,质疑,OpenAI,2024-09-27,0.000000
国际货币基金组织,主导,中国今年经济展望,2024-10-23,0.000000
《北京卫视》,认为恐怖,小米,2024-10-20,0.000000
《北京卫视》,认为恐怖,小米,2024-10-20,0.000000
《北京卫视》,认为恐怖,小米,2024-10-20,0.000000
彭博社,视作英雄,瓦德·萨夫奥,2024-11-06,0.000000
Siebel,批评,亚马逊,2024-11-20,0.000000
安迪·杰西,认为有暴力,亚马逊员工,2024-12-02,0.000000
加拿大新闻出版商,质疑,OpenAI,2024-10-27,0.000000
李一乔,认为可靠,激光雷达,2024-11-27,0.000000
迪·特普顿,认为犯罪,OpenAI,2024-12-02,0.000000
贝莱德,质疑,投资者,2024-10-23,0.000000
加州一家地区法院,认为犯罪,OpenAI,2024-12-02,0.000000
Ofcom,欣赏,Reddit,2024-12-02,0.000000
里德·霍夫曼,认为违规,OpenAI,2024-12-02,0.000000
《华尔街日报》,担忧,Alt曼,2024-09-27,0.000000
谢文雄,担忧,川普政策的不确定性,2024-12-21,0.000000
中芯国际,认为有危机,半导体,2025-01-05,0.000000
联发科,认为优秀,晶片,2024-12-31,0.000000
求职者,认为优秀,群联,2025-01-21,0.000000
里德·霍夫曼,认为犯罪,OpenAI,2024-12-02,0.000000
加拿大新闻出版商,认为非法,OpenAI,2024-10-27,0.000000
意大利监管机构,主导,媒体出版商GEDI,2024-12-02,0.000000
求职者,认为优秀,台达电,2025-01-21,0.000000
加拿大新闻出版商,威胁,OpenAI,2024-10-27,0.000000
大卫·梅耶,认为有威胁,澳大利亚社交媒体限制,2024-12-02,0.000000
加拿大出版商,质疑,OpenAI,2024-09-27,0.000000
印度企业,主导,莫迪,2024-10-23,0.000000
清水洋治,增进,中国的技术创新,2024-08-26,0.000000
意大利监管机构,视作英雄,安迪·杰西,2024-12-02,0.000000
加拿大新闻出版商,认为有威胁,OpenAI,2024-10-27,0.000000
葛红林,批评,中国政府,2024-10-23,0.000000
加拿大出版商,威胁,OpenAI,2024-09-27,0.000000
《亚洲尼日基亚报》,支持,台湾科技会议,2024-12-16,0.000000
加州一家地区法院,批评,OpenAI,2024-12-02,0.000000
印度新闻通讯社,支持,CXS,2024-12-24,0.000000
贝莱德,威胁,投资者,2024-10-23,0.000000
印度企业,欢迎,莫迪,2024-10-23,0.000000
Tan·林宝珠,认为缺乏,劳动力过剩,2024-08-26,0.000000
格雷格·麦克凯纳,欣赏,《CFO每日》,2024-12-03,0.000000
富瑞,认为恐怖,阿里及百度,2024-11-09,0.000000
格雷格·布罗克曼,损害,投资者,2024-12-02,0.000000
加拿大新闻出版商,认为失败,OpenAI,2024-10-27,0.000000
大卫·梅耶,支持,《数据简报》,2024-12-02,0.000000
《财富》杂志,认可,Siebel的观点,2024-11-20,0.000000
前英特尔高管,质疑,林宝珠,2024-08-26,0.000000
加拿大新闻出版商,攻击,OpenAI,2024-10-27,0.000000
印度企业,感到不满,莫迪,2024-10-23,0.000000
大卫·梅耶,认为违规,澳大利亚社交媒体限制,2024-12-02,0.000000
加拿大新闻出版商,认可,OpenAI,2024-10-27,0.000000
中央气象局,认为有危机,台风,2024-10-30,0.000000
供应链合作伙伴,担忧,Monolithic,2024-11-10,0.000000
加拿大出版商,认为有威胁,OpenAI,2024-09-27,0.000000
澳大利亚议会,认为缺乏,社交媒体,2024-12-02,0.000000
民主党议员,认为可靠,出口管制,2024-11-11,0.000000
贝莱德,损害,投资者,2024-10-23,0.000000
加拿大出版商,攻击,OpenAI,2024-09-27,0.000000
阿尔特曼,认为非法,OpenAI,2024-12-02,0.000000
加拿大出版商,认为失败,OpenAI,2024-09-27,0.000000
贝莱德,认为有威胁,投资者,2024-10-23,0.000000
加拿大新闻出版商,支持,OpenAI,2024-10-27,0.000000
加拿大新闻出版商,损害,OpenAI,2024-10-27,0.000000
《亚洲尼日基亚报》,认为失败,台湾科技会议,2024-12-16,0.000000
供应链合作伙伴,认为可靠,Monolithic,2024-11-10,0.000000
李一乔,认为有威胁,特斯拉TSLA,2024-11-27,0.000000
亚利桑那州,认为优秀,晶片,2024-10-25,0.000000
《亚洲尼日基亚报》,视作英雄,蔡崇信,2024-12-16,0.000000
李一乔,认为恐怖,特斯拉TSLA,2024-11-27,0.000000
印度企业,相信,莫迪,2024-10-23,0.000000
格雷格·布罗克曼,认为犯罪,OpenAI,2024-12-02,0.000000
大卫·梅耶,质疑,《数据简报》,2024-12-02,0.000000
意大利监管机构,担忧,媒体出版商GEDI,2024-12-02,0.000000
植田和男,担忧,不会加息,2024-10-23,0.000000
前英特尔高管,损害,林宝珠,2024-08-26,0.000000
意大利监管机构,欢迎,亚马逊员工,2024-12-02,0.000000
UCIe 合作组织,支持,成员们,2024-12-24,0.000000
印度企业,担忧,莫迪,2024-10-23,0.000000
共和党,增进,出口管制,2024-11-11,0.000000
Sam Alt曼,支持,下一代人工智能的发展,2024-09-27,0.000000
加拿大出版商,损害,OpenAI,2024-09-27,0.000000
《信息》杂志,支持,OpenAI,2024-07-18,0.000000
日本央行,视作英雄,贝利,2024-10-23,0.000000
中国官方,损害,台湾企业,2024-11-11,0.000000
加拿大新闻出版商,认为违规,OpenAI,2024-10-27,0.000000
彭博社,认为优秀,SK海力士,2024-08-08,0.000000
Harris,质疑,微软到亚马逊,2024-10-15,0.000000
意大利监管机构,感到不满,媒体出版商GEDI,2024-12-02,0.000000
博通,主导,AI加速器芯片,2024-10-19,0.000000
TrendForce,认可,台湾电子代工业,2024-12-21,0.000000
美联储,增进,降息,2024-11-24,0.000000
加拿大新闻出版商,感到满意,OpenAI,2024-10-27,0.000000
内地网民,认可,小米（1810）,2024-10-20,0.000000
印度,增进,国内科技市场,2024-06-19,0.000000
供应链合作伙伴,相信,Monolithic,2024-11-10,0.000000
加拿大出版商,认为违规,OpenAI,2024-09-27,0.000000
Ofcom,增进,Reddit,2024-12-02,0.000000
意大利监管机构,相信,媒体出版商GEDI,2024-12-02,0.000000
《华尔街日报》,质疑,Alt曼,2024-09-27,0.000000
Sam Alt曼,认为犯罪,OpenAI,2024-09-27,0.000000
内地网民,欣赏,小米（1810）,2024-10-20,0.000000
内地网民,欣赏,小米（1810）,2024-10-20,0.000000
内地网民,欣赏,小米（1810）,2024-10-20,0.000000
台湾科技会议,增进,新一代AI装置的发展,2024-12-16,0.000000
加拿大新闻出版商,认为犯罪,OpenAI,2024-10-27,0.000000
贝莱德,认为违规,投资者,2024-10-23,0.000000
加拿大新闻出版商,认为优秀,OpenAI,2024-10-27,0.000000
前英特尔高管,威胁,林宝珠,2024-08-26,0.000000
供应链合作伙伴,质疑,Monolithic,2024-11-10,0.000000
加拿大新闻出版商,认为恐怖,OpenAI,2024-10-27,0.000000
前英特尔高管,攻击,林宝珠,2024-08-26,0.000000
澳大利亚,增进,国内加工能力,2024-06-19,0.000000
《亚洲尼日基亚报》,增进,台湾科技会议,2024-12-16,0.000000
中央气象局,认为有暴力,台风,2024-10-30,0.000000
商务部,增进,贸易管制,2024-11-11,0.000000
民主党议员,认为非法,出口管制,2024-11-11,0.000000
阿尔特曼,认为犯罪,OpenAI,2024-12-02,0.000000
印度企业,质疑,莫迪,2024-10-23,0.000000
加拿大出版商,认为恐怖,OpenAI,2024-09-27,0.000000
加拿大出版商,认为犯罪,OpenAI,2024-09-27,0.000000
Rao,认为有成就,LLMs,2024-11-20,0.000000
国际货币基金组织,认可,中国今年经济展望,2024-10-23,0.000000
肖恩·图顿,增进,国内加工能力,2024-06-19,0.000000
李一乔,认为有危机,特斯拉TSLA,2024-11-27,0.000000
国际货币基金组织,质疑,中国今年经济展望,2024-10-23,0.000000
印度新闻通讯社,支持,CHI-C2C,2024-12-24,0.000000
艾桥智,认为失败,波音工会工人,2024-10-23,0.000000
前英特尔高管,认为恐怖,林宝珠,2024-08-26,0.000000
供应链合作伙伴,认可,Monolithic,2024-11-10,0.000000
三星,增进,GAAFET架构竞赛,2024-11-20,0.000000
印度企业,感到满意,莫迪,2024-10-23,0.000000
贝莱德,认为犯罪,投资者,2024-10-23,0.000000
世芯 - KY,认可,亚马逊旗下 AWS,2024-12-31,0.000000
印度企业,认为有威胁,莫迪,2024-10-23,0.000000
植田和男,质疑,下周不会加息,2024-10-23,0.000000
前英特尔高管,视作英雄,林宝珠,2024-08-26,0.000000
谢文雄,认为优秀,台湾经济基本面,2024-12-21,0.000000
印度企业,认可,莫迪,2024-10-23,0.000000
康迪台风,损害,基础设施,2024-11-04,0.000000
印度企业,支持,莫迪,2024-10-23,0.000000
赖清德,认为有暴力,民众,2024-10-30,0.000000
民主党议员,认为失败,出口管制,2024-11-11,0.000000
供应链合作伙伴,认为有成就,Monolithic,2024-11-10,0.000000
加拿大新闻出版商,批评,OpenAI,2024-10-27,0.000000
印度企业,认为失败,莫迪,2024-10-23,0.000000
供应链合作伙伴,认为非法,Monolithic,2024-11-10,0.000000
意大利监管机构,感到满意,媒体出版商GEDI,2024-12-02,0.000000
加拿大出版商,批评,OpenAI,2024-09-27,0.000000
意大利监管机构,质疑,媒体出版商GEDI,2024-12-02,0.000000
Sam Alt曼,增进,OpenAI,2024-09-27,0.000000
意大利监管机构,认可,媒体出版商GEDI,2024-12-02,0.000000
民主党议员,认为有威胁,出口管制,2024-11-11,0.000000
民主党议员,认为违规,出口管制,2024-11-11,0.000000
加拿大出版商,认为有危机,OpenAI,2024-09-27,0.000000
意大利监管机构,支持,媒体出版商GEDI,2024-12-02,0.000000
印度新闻通讯社,支持,AXI-4,2024-12-24,0.000000
印度企业,认为违规,莫迪,2024-10-23,0.000000
谢文雄,认为优秀,台股出口,2024-12-21,0.000000
贝莱德,批评,投资者,2024-10-23,0.000000
德国斯图加特,支持,Linea HS2,2024-09-17,0.000000
加拿大新闻出版商,认为有暴力,OpenAI,2024-10-27,0.000000
供应链合作伙伴,喜欢,Monolithic,2024-11-10,0.000000
总统赖清德,认为有暴力,民众,2024-10-30,0.000000
前英特尔高管,损害,股东,2024-08-26,0.000000
意大利监管机构,视作英雄,亚马逊员工,2024-12-02,0.000000
台湾交通部,增进,高速铁路服务,2024-10-30,0.000000
《华尔街日报》,认为违规,Alt曼,2024-09-27,0.000000
英特尔董事会,质疑,他的领导能力,2024-12-03,0.000000
加拿大出版商,认为有暴力,OpenAI,2024-09-27,0.000000
意大利监管机构,威胁,媒体出版商GEDI,2024-12-02,0.000000
欧盟,增进,国内加工能力,2024-06-19,0.000000
意大利监管机构,认为失败,媒体出版商GEDI,2024-12-02,0.000000
康迪台风,增进,基础设施,2024-11-04,0.000000
Harlan Su,增进,与AMD的合作,2024-10-28,0.000000
供应链合作伙伴,认为有威胁,Monolithic,2024-11-10,0.000000
印度企业,认为缺乏,莫迪,2024-10-23,0.000000
意大利监管机构,认为非法,GEDI,2024-12-02,0.000000
印度新闻通讯社,支持,AXI-S,2024-12-24,0.000000
NVIDIA,增进,生产良率,2024-10-23,0.000000
意大利监管机构,攻击,媒体出版商GEDI,2024-12-02,0.000000
民主党议员,增进,出口管制,2024-11-11,0.000000
供应链合作伙伴,认为恐怖,Monolithic,2024-11-10,0.000000
日本绿色科技供应商,增进,碳排放,2024-06-19,0.000000
供应链合作伙伴,认为优秀,Monolithic,2024-11-10,0.000000
民主党议员,认为缺乏,出口管制,2024-11-11,0.000000
江敏严,增进,芯片生产计划,2024-10-23,0.000000
Tan的离职,认为缺乏,劳动力过剩,2024-08-26,0.000000
意大利监管机构,认为违规,媒体出版商GEDI,2024-12-02,0.000000
野村投信,认可,台湾 AI 供应链,2024-12-21,0.000000
澳大利亚西澳,增进,国内加工能力,2024-06-19,0.000000
供应链合作伙伴,认为缺乏,Monolithic,2024-11-10,0.000000
前英特尔高管,认为有暴力,林宝珠,2024-08-26,0.000000
国际货币基金组织,增进,中国今年经济展望,2024-10-23,0.000000
《华尔街日报》,批评,Alt曼,2024-09-27,0.000000
联准会,增进,降息,2024-11-24,0.000000
意大利监管机构,认为有威胁,GEDI,2024-12-02,0.000000
意大利监管机构,认为恐怖,GEDI,2024-12-02,0.000000
印度企业,批评,莫迪,2024-10-23,0.000000
印度企业,认为有暴力,莫迪,2024-10-23,0.000000
Sam Alt曼,增进,AI芯片生产,2024-09-27,0.000000
Sam Alt曼,增进,新计算基础设施,2024-09-27,0.000000
中国有色金属行业协会,增进,国内铜行业快速扩张,2024-10-23,0.000000
意大利监管机构,认为犯罪,GEDI,2024-12-02,0.000000
供应链合作伙伴,认为有危机,Monolithic,2024-11-10,0.000000
盖尔辛格的离职,增进,收购谈判,2024-12-03,0.000000
野村投信,认为优秀,台股企业获利,2024-12-21,0.000000
意大利监管机构,批评,媒体出版商GEDI,2024-12-02,0.000000
英特尔管理层,增进,设备投资,2024-11-20,0.000000
Hock Tan,增进,AI服务,2024-07-18,0.000000
意大利监管机构,认为有暴力,亚马逊员工,2024-12-02,0.000000
新路透社,增进,英特尔复兴,2024-10-29,0.000000
供应链合作伙伴,认为有暴力,Monolithic,2024-11-10,0.000000
意大利监管机构,认为有危机,GEDI,2024-12-02,0.000000
意大利监管机构,认为有暴力,GEDI,2024-12-02,0.000000
